{
  "timestamp": "20251129_194332",
  "total_steps": 10000,
  "final_epsilon": 0.01,
  "final_reward": -12073.692684050753,
  "avg_reward": -1.2073692684050754,
  "phase_switches": 96,
  "buffer_size": 10000,
  "hyperparameters": {
    "gamma": 0.95,
    "learning_rate": 0.0005,
    "batch_size": 64,
    "buffer_size": 10000,
    "epsilon_decay": 7000
  }
}